id,first_name,last_name,email,gender,ip_address
1,Robbie,Akhurst,rakhurst0@360.cn,Female,87.177.171.133
2,Guenna,Klesel,gklesel1@t-online.de,Female,167.36.113.157
3,Arabelle,Wyllt,awyllt2@purevolume.com,Female,154.153.221.192
4,Marten,Klishin,mklishin3@who.int,Genderfluid,173.191.169.146
5,Tracy,Matkin,tmatkin4@oakley.com,Male,195.77.148.225
6,Ashlie,Etheridge,aetheridge5@usa.gov,Female,41.49.253.134
7,Blake,Baser,bbaser6@businesswire.com,Male,183.54.226.32
8,Glynnis,Goodrich,ggoodrich7@livejournal.com,Female,123.81.223.214
9,Randy,Sutehall,rsutehall8@apache.org,Female,167.182.243.144
10,Gerrie,Farnsworth,gfarnsworth9@illinois.edu,Male,17.210.158.142
11,Allyn,Durdle,adurdlea@irs.gov,Female,46.16.222.107
12,Biddy,Peteri,bpeterib@un.org,Female,139.84.146.141
13,Mano,Huchot,mhuchotc@mashable.com,Male,95.59.17.58
14,Willie,Potts,wpottsd@amazon.co.jp,Male,60.217.173.85
15,Gasparo,Oles,golese@prweb.com,Male,204.136.251.66
16,Blinny,Gurner,bgurnerf@ocn.ne.jp,Female,135.102.182.147
17,Archie,Papachristophorou,apapachristophoroug@berkeley.edu,Male,183.119.76.130
18,Filmer,Balsdone,fbalsdoneh@newsvine.com,Male,204.115.232.44
19,Gill,Tuckwell,gtuckwelli@ustream.tv,Female,50.243.101.222
20,Eugenio,Mulder,emulderj@over-blog.com,Male,127.65.119.165
21,Terencio,Pack,tpackk@admin.ch,Male,205.163.221.122
22,Cort,Crinson,ccrinsonl@slashdot.org,Male,166.158.245.141
23,Priscella,Eneas,peneasm@sphinn.com,Female,234.76.47.189
24,Engelbert,Devaney,edevaneyn@columbia.edu,Male,43.68.132.136
25,Hammad,Winsborrow,hwinsborrowo@tmall.com,Male,196.25.97.75
26,Reggis,Gohn,rgohnp@networkadvertising.org,Male,25.33.73.30
27,Parke,Beckford,pbeckfordq@boston.com,Male,209.49.43.93
28,Geralda,Coston,gcostonr@posterous.com,Female,115.92.250.228
29,Gertie,Farres,gfarress@washington.edu,Female,192.224.12.79
30,Raymond,Cesaric,rcesarict@nytimes.com,Male,182.83.33.62
31,Mei,Sanham,msanhamu@digg.com,Female,84.185.225.74
32,Buddy,Jekel,bjekelv@bloomberg.com,Male,251.168.76.118
33,Pietrek,Forbear,pforbearw@cpanel.net,Male,92.205.218.145
34,Bartram,Cordero,bcorderox@furl.net,Male,191.86.119.61
35,Bernie,Mather,bmathery@macromedia.com,Female,181.76.209.104
36,Tamiko,Latek,tlatekz@nature.com,Female,102.71.210.63
37,Lovell,Broske,lbroske10@soundcloud.com,Non-binary,208.15.167.132
38,Prent,Hammor,phammor11@forbes.com,Agender,51.197.254.71
39,Nickie,Shalcros,nshalcros12@ed.gov,Male,181.79.76.158
40,Errick,Timpany,etimpany13@wikimedia.org,Male,229.57.106.58
41,Krista,Aggus,kaggus14@wikimedia.org,Female,159.40.23.4
42,Regen,Adanet,radanet15@sciencedaily.com,Male,76.47.230.168
43,Cosetta,Drugan,cdrugan16@washingtonpost.com,Female,73.184.36.34
44,Cesare,Cogley,ccogley17@vk.com,Male,44.161.80.35
45,Pearline,Battram,pbattram18@gnu.org,Female,98.50.21.131
46,Beth,Andresen,bandresen19@infoseek.co.jp,Female,189.22.157.178
47,Vera,Titterell,vtitterell1a@mozilla.org,Female,11.113.113.84
48,Brien,Pfertner,bpfertner1b@reference.com,Male,31.3.57.193
49,Viki,Scandrett,vscandrett1c@biblegateway.com,Female,103.23.108.62
50,Claudelle,Gervaise,cgervaise1d@google.com.br,Bigender,150.242.33.3
51,Logan,Lindhe,llindhe1e@jalbum.net,Male,125.49.198.137
52,Letty,Children,lchildren1f@netvibes.com,Female,101.44.0.219
53,Shepherd,Trounce,strounce1g@wikipedia.org,Male,137.166.18.81
54,Flint,Grebner,fgrebner1h@indiegogo.com,Male,115.159.79.51
55,Noel,Johnys,njohnys1i@ucoz.ru,Genderfluid,236.66.141.98
56,Olivia,Lorinez,olorinez1j@sina.com.cn,Female,228.113.252.61
57,Quinn,Francescuzzi,qfrancescuzzi1k@arstechnica.com,Male,13.173.181.89
58,Bernard,Janecek,bjanecek1l@huffingtonpost.com,Male,70.155.138.7
59,Marven,Lamont,mlamont1m@gizmodo.com,Bigender,6.102.99.210
60,Jonis,Clive,jclive1n@so-net.ne.jp,Female,199.8.154.140
61,Dulciana,Aveyard,daveyard1o@pinterest.com,Female,9.47.188.24
62,Ogden,Kornyshev,okornyshev1p@ox.ac.uk,Male,100.40.97.37
63,Sarita,Jikylls,sjikylls1q@sohu.com,Female,234.49.47.33
64,Domini,Handyside,dhandyside1r@cnn.com,Female,137.183.176.86
65,Yancey,Antony,yantony1s@comcast.net,Non-binary,0.168.30.64
66,Forrest,Hazeldean,fhazeldean1t@flavors.me,Male,161.176.243.104
67,Daryl,Fieldhouse,dfieldhouse1u@cafepress.com,Male,223.172.140.161
68,Obed,Ashbe,oashbe1v@ycombinator.com,Polygender,233.94.245.136
69,Kendal,Thripp,kthripp1w@goo.ne.jp,Male,182.169.146.43
70,Tedd,Botha,tbotha1x@wikia.com,Genderqueer,130.46.213.148
71,Leann,Clemente,lclemente1y@fotki.com,Female,233.160.97.193
72,Sanderson,Edes,sedes1z@1und1.de,Male,98.111.60.153
73,Erv,McCorry,emccorry20@pbs.org,Male,18.84.18.111
74,Eula,Trower,etrower21@bandcamp.com,Female,221.71.180.180
75,Creigh,Sever,csever22@icio.us,Male,106.122.216.162
76,Hope,Knipe,hknipe23@cdc.gov,Female,5.123.231.123
77,Vin,Tumielli,vtumielli24@wunderground.com,Male,99.195.47.134
78,Innis,Oxenham,ioxenham25@intel.com,Male,63.40.180.116
79,Koressa,Cleere,kcleere26@kickstarter.com,Female,239.231.171.121
80,Grenville,Phython,gphython27@drupal.org,Male,4.193.188.231
81,Miller,Denekamp,mdenekamp28@vinaora.com,Male,31.208.83.147
82,Cherice,Doughill,cdoughill29@technorati.com,Female,187.102.20.180
83,Toby,Titcombe,ttitcombe2a@aol.com,Female,91.69.241.48
84,Stephen,Gasker,sgasker2b@multiply.com,Male,70.236.171.114
85,Elias,Cudd,ecudd2c@virginia.edu,Male,45.182.126.134
86,Rufus,Scorthorne,rscorthorne2d@jigsy.com,Male,239.157.34.80
87,Gibby,Vittery,gvittery2e@clickbank.net,Male,180.180.35.255
88,Harlin,Drioli,hdrioli2f@dagondesign.com,Male,40.201.127.62
89,Vivianna,Foskett,vfoskett2g@archive.org,Female,231.28.240.155
90,Tamar,Foxworthy,tfoxworthy2h@smugmug.com,Female,144.112.169.163
91,Ivy,Kerswell,ikerswell2i@4shared.com,Female,103.206.25.115
92,Darnell,Walentynowicz,dwalentynowicz2j@bravesites.com,Male,214.43.41.242
93,Aurlie,Bernardet,abernardet2k@cnet.com,Female,79.193.240.5
94,Maxine,Faithfull,mfaithfull2l@springer.com,Female,232.22.194.103
95,Burg,Wolfer,bwolfer2m@nsw.gov.au,Genderfluid,0.43.227.137
96,Joelle,Wedderburn,jwedderburn2n@wix.com,Female,255.81.147.122
97,Corilla,Purcell,cpurcell2o@g.co,Female,174.247.94.57
98,Buck,Carneck,bcarneck2p@netscape.com,Male,4.225.14.248
99,Alfonse,Fattore,afattore2q@fastcompany.com,Male,79.192.166.10
100,Erroll,Byne,ebyne2r@list-manage.com,Male,216.10.177.251
101,Julie,Belt,jbelt2s@dell.com,Female,176.1.83.41
102,Olivier,Stonhouse,ostonhouse2t@moonfruit.com,Male,10.202.8.68
103,Aile,Swane,aswane2u@samsung.com,Female,131.250.166.199
104,Teresa,Baggot,tbaggot2v@lycos.com,Female,251.158.155.219
105,Albertina,Giddings,agiddings2w@gmpg.org,Female,157.78.209.141
106,Sela,Brownsmith,sbrownsmith2x@typepad.com,Female,245.9.128.66
107,Beau,Richings,brichings2y@theguardian.com,Male,60.175.74.105
108,Vernon,De Fries,vdefries2z@ustream.tv,Male,139.78.248.82
109,Ora,McGarvie,omcgarvie30@mysql.com,Genderfluid,70.86.251.118
110,Mercedes,Plaid,mplaid31@plala.or.jp,Female,231.38.170.147
111,Joyan,Kerton,jkerton32@wufoo.com,Non-binary,160.44.214.199
112,Winnah,Dahlberg,wdahlberg33@tripod.com,Female,131.237.18.124
113,Gerick,Narramore,gnarramore34@buzzfeed.com,Genderqueer,67.194.213.49
114,Lev,Truesdale,ltruesdale35@lulu.com,Male,46.42.201.113
115,Norman,Braz,nbraz36@cnbc.com,Male,234.34.164.100
116,Udale,Ehrat,uehrat37@paginegialle.it,Non-binary,142.105.158.176
117,Beatrix,Dodamead,bdodamead38@usgs.gov,Female,42.192.192.145
118,Palmer,Kienzle,pkienzle39@va.gov,Male,119.253.96.169
119,Ethelbert,Toombs,etoombs3a@jugem.jp,Male,75.22.131.34
120,Franky,Jerrard,fjerrard3b@privacy.gov.au,Male,52.162.149.41
121,Raymund,Desbrow,rdesbrow3c@dailymail.co.uk,Male,84.189.221.0
122,Lou,Kaasmann,lkaasmann3d@naver.com,Male,186.9.201.94
123,Maryanna,Walburn,mwalburn3e@netscape.com,Female,13.82.37.14
124,Madge,Dabbes,mdabbes3f@microsoft.com,Female,153.87.122.69
125,Phineas,Gauler,pgauler3g@forbes.com,Male,20.233.73.121
126,Doll,Ryam,dryam3h@indiatimes.com,Female,56.218.43.21
127,Vally,Drysdale,vdrysdale3i@desdev.cn,Non-binary,12.149.76.102
128,Nonnah,Deboy,ndeboy3j@usa.gov,Female,202.9.16.222
129,Shannon,Pamphilon,spamphilon3k@opensource.org,Male,149.171.90.3
130,Antonia,Roller,aroller3l@github.io,Female,134.4.50.90
131,Kalil,McCaughan,kmccaughan3m@home.pl,Male,139.27.108.149
132,Buddy,Penhalewick,bpenhalewick3n@jalbum.net,Male,77.5.102.188
133,Yancey,MacKissack,ymackissack3o@pinterest.com,Male,138.217.151.0
134,Patricia,Meeson,pmeeson3p@chicagotribune.com,Female,115.25.149.23
135,Ricardo,Schule,rschule3q@amazon.co.jp,Male,121.126.81.37
136,Rene,Tinklin,rtinklin3r@netlog.com,Female,100.96.96.204
137,Louisette,Weild,lweild3s@wikispaces.com,Non-binary,205.13.117.211
138,Allys,Elvin,aelvin3t@imageshack.us,Female,205.134.255.222
139,Jarrid,Gillaspy,jgillaspy3u@sciencedirect.com,Male,232.8.64.83
140,Dominique,Mackett,dmackett3v@exblog.jp,Female,20.103.100.7
141,Elwin,Gyrgorwicx,egyrgorwicx3w@dailymail.co.uk,Male,204.123.173.169
142,Sharron,Stelljes,sstelljes3x@mediafire.com,Female,132.230.154.246
143,Amble,Siemandl,asiemandl3y@home.pl,Genderfluid,82.250.91.160
144,Abby,Geffinger,ageffinger3z@forbes.com,Male,84.196.207.188
145,Veronique,Lismer,vlismer40@themeforest.net,Female,35.56.149.178
146,Thorstein,Dutson,tdutson41@cargocollective.com,Male,242.104.227.190
147,Madelyn,Winsor,mwinsor42@blinklist.com,Female,200.93.115.209
148,Ronnie,Glas,rglas43@discovery.com,Female,199.82.155.198
149,Jaine,Terron,jterron44@usnews.com,Female,130.205.26.191
150,Darrel,Kewish,dkewish45@phpbb.com,Male,123.151.77.254
151,Saxon,Dionisii,sdionisii46@freewebs.com,Male,163.155.178.180
152,Tadio,Housin,thousin47@hugedomains.com,Male,170.236.58.45
153,Tricia,Marlin,tmarlin48@springer.com,Female,89.67.44.222
154,Nicolea,Marquese,nmarquese49@webmd.com,Female,144.222.137.69
155,Clarance,McKinney,cmckinney4a@joomla.org,Male,149.69.158.178
156,Leo,Enion,lenion4b@ezinearticles.com,Male,37.161.151.198
157,Aimee,Jouanny,ajouanny4c@aboutads.info,Female,14.134.212.210
158,Zacherie,Philliskirk,zphilliskirk4d@weibo.com,Genderfluid,21.49.6.170
159,Leonidas,Queste,lqueste4e@shinystat.com,Male,230.241.163.190
160,Drusy,Sweetland,dsweetland4f@paypal.com,Female,89.132.79.170
161,Janaye,Vagges,jvagges4g@sina.com.cn,Female,58.20.79.73
162,Tammara,Vinnick,tvinnick4h@latimes.com,Female,192.185.124.185
163,Emelen,Dalligan,edalligan4i@noaa.gov,Male,50.164.252.51
164,Ester,Maggiore,emaggiore4j@theglobeandmail.com,Female,31.108.40.235
165,Niles,Pinnington,npinnington4k@addtoany.com,Male,144.179.167.47
166,Gaynor,Tregido,gtregido4l@google.cn,Female,103.197.69.194
167,Tracey,Scollan,tscollan4m@ucla.edu,Female,51.110.25.163
168,Donnie,Longridge,dlongridge4n@google.it,Bigender,204.209.201.189
169,Lindy,Andino,landino4o@mysql.com,Female,179.153.226.216
170,Quill,Wilkennson,qwilkennson4p@github.com,Male,28.78.214.233
171,Ashien,Kitteringham,akitteringham4q@discovery.com,Female,4.128.250.189
172,Hew,Ketteringham,hketteringham4r@china.com.cn,Male,175.101.69.26
173,Paule,Bilborough,pbilborough4s@blogger.com,Female,37.123.159.163
174,Merle,MacKartan,mmackartan4t@drupal.org,Female,241.140.5.59
175,Madlin,Wallbrook,mwallbrook4u@booking.com,Female,33.37.34.91
176,Kermie,Di Lucia,kdilucia4v@privacy.gov.au,Male,19.111.185.231
177,Nickey,Pennrington,npennrington4w@answers.com,Male,231.206.138.236
178,Rosemonde,Scogings,rscogings4x@kickstarter.com,Female,149.135.72.194
179,Brose,Matthewson,bmatthewson4y@cafepress.com,Male,3.204.227.244
180,Ede,Garley,egarley4z@dyndns.org,Female,71.94.195.20
181,Gerrard,Lammert,glammert50@economist.com,Male,141.78.177.191
182,Ced,Burdikin,cburdikin51@uiuc.edu,Male,142.73.77.233
183,Darlleen,Elsom,delsom52@dot.gov,Female,136.60.20.190
184,Darbee,Riggoll,driggoll53@auda.org.au,Male,252.191.166.237
185,Jobie,Felgate,jfelgate54@hostgator.com,Female,37.96.46.44
186,Berty,Ullock,bullock55@livejournal.com,Male,75.93.74.189
187,Zebedee,Braniff,zbraniff56@furl.net,Male,240.252.29.208
188,Claybourne,Snalom,csnalom57@cloudflare.com,Agender,43.0.44.177
189,Guillema,Sleford,gsleford58@hc360.com,Female,217.115.156.224
190,Eduino,Farrer,efarrer59@tiny.cc,Male,234.14.168.174
191,Pacorro,Becerra,pbecerra5a@de.vu,Male,245.25.164.202
192,Dion,Braffington,dbraffington5b@blogs.com,Female,235.238.123.53
193,Ashton,Teenan,ateenan5c@i2i.jp,Male,31.96.17.133
194,Neal,Baud,nbaud5d@networksolutions.com,Male,104.133.90.73
195,Bartlet,Moyes,bmoyes5e@wufoo.com,Male,2.173.78.142
196,Gray,Riche,griche5f@cargocollective.com,Female,142.80.184.190
197,Cynthea,Fearne,cfearne5g@illinois.edu,Female,139.171.49.74
198,Karin,Lorrimer,klorrimer5h@mediafire.com,Genderqueer,238.70.241.226
199,Justen,Divill,jdivill5i@pbs.org,Male,254.156.56.5
200,Luz,Jenteau,ljenteau5j@bbb.org,Female,60.119.23.76
201,Pearla,Tytterton,ptytterton5k@marketwatch.com,Female,182.224.49.29
202,Nadiya,Aleixo,naleixo5l@flickr.com,Agender,50.180.58.31
203,Maxie,Grayson,mgrayson5m@mtv.com,Male,221.178.62.34
204,Conrade,Korting,ckorting5n@bravesites.com,Male,48.48.66.177
205,Gregoor,Maneylaws,gmaneylaws5o@ehow.com,Male,121.178.90.4
206,Celene,Vaar,cvaar5p@furl.net,Female,37.160.65.23
207,Tera,Eason,teason5q@sbwire.com,Bigender,106.166.120.29
208,Jermain,Farncomb,jfarncomb5r@w3.org,Male,184.61.104.73
209,Reggi,Barnes,rbarnes5s@spotify.com,Female,55.58.171.18
210,Doug,Nawton,dnawton5t@list-manage.com,Male,53.227.114.208
211,Mirabella,Huggen,mhuggen5u@youtu.be,Female,88.48.2.174
212,Hortense,Flintoffe,hflintoffe5v@ca.gov,Female,98.122.91.9
213,Riannon,Lerwell,rlerwell5w@wordpress.com,Genderfluid,110.103.248.166
214,Juli,Burtonwood,jburtonwood5x@newyorker.com,Female,103.181.61.222
215,Shara,Graundisson,sgraundisson5y@answers.com,Female,35.199.253.154
216,Darrell,Bouzan,dbouzan5z@google.com.br,Genderqueer,78.255.25.177
217,Rasla,Gleder,rgleder60@foxnews.com,Bigender,195.74.212.105
218,Mahala,Chritchley,mchritchley61@home.pl,Female,158.170.215.186
219,Mordecai,Nezey,mnezey62@marketwatch.com,Male,145.30.14.69
220,Reeba,Drinkale,rdrinkale63@dmoz.org,Female,112.35.217.243
221,Luci,Esby,lesby64@narod.ru,Female,209.116.189.15
222,Ephrayim,Griffe,egriffe65@dailymotion.com,Male,88.210.116.202
223,Barthel,Kestian,bkestian66@ebay.com,Male,168.246.178.5
224,Leroi,Withinshaw,lwithinshaw67@netvibes.com,Male,90.141.87.33
225,Wynn,Monan,wmonan68@bbb.org,Polygender,171.21.130.103
226,Roanna,Chisholm,rchisholm69@ftc.gov,Female,128.250.128.195
227,Evelyn,Harrington,eharrington6a@newyorker.com,Male,74.181.226.44
228,Katie,Meran,kmeran6b@slashdot.org,Female,185.159.23.128
229,Constantino,Lilburne,clilburne6c@ebay.co.uk,Male,19.70.177.135
230,Georgi,Prisk,gprisk6d@java.com,Male,150.30.248.173
231,Jaimie,Amiss,jamiss6e@google.ca,Female,105.234.137.238
232,Lynsey,Grieg,lgrieg6f@google.co.uk,Female,166.25.87.101
233,Bing,Sango,bsango6g@geocities.com,Male,145.205.229.214
234,Pieter,Vannoort,pvannoort6h@narod.ru,Male,6.245.217.144
235,Tabbatha,Cherrett,tcherrett6i@google.nl,Female,8.119.29.41
236,Flossy,Eustes,feustes6j@netlog.com,Female,189.67.44.142
237,Robbi,Harrinson,rharrinson6k@weibo.com,Female,15.97.224.232
238,Jethro,Atkyns,jatkyns6l@typepad.com,Male,119.215.116.112
239,Vikky,Bondar,vbondar6m@mashable.com,Female,225.59.118.123
240,Aubree,MacSwayde,amacswayde6n@unicef.org,Female,16.53.163.83
241,Winne,Looker,wlooker6o@cnbc.com,Non-binary,192.247.89.128
242,Hermann,Lockhead,hlockhead6p@shutterfly.com,Male,97.20.163.39
243,Orazio,Tenny,otenny6q@skyrock.com,Male,24.255.204.239
244,Chev,Elias,celias6r@cnet.com,Male,184.35.60.169
245,Brice,Ilem,bilem6s@bbc.co.uk,Agender,104.112.155.56
246,Nixie,Achromov,nachromov6t@google.es,Female,196.137.139.104
247,Dorisa,Ownsworth,downsworth6u@g.co,Female,247.95.192.154
248,Dawn,Gwioneth,dgwioneth6v@1und1.de,Genderqueer,15.151.123.70
249,Jocelyn,Theyer,jtheyer6w@infoseek.co.jp,Female,88.156.7.178
250,Inger,Guerra,iguerra6x@wired.com,Male,61.69.93.48
251,Loraine,Hannah,lhannah6y@stanford.edu,Female,235.34.150.80
252,Lorne,Kempe,lkempe6z@woothemes.com,Bigender,39.109.130.223
253,Dar,Greasty,dgreasty70@webs.com,Male,134.131.58.64
254,Lock,Lacroix,llacroix71@vk.com,Bigender,143.61.3.131
255,Annadiana,Wybourne,awybourne72@admin.ch,Female,9.26.78.21
256,Wylma,Lutz,wlutz73@sun.com,Female,238.135.83.37
257,Angelita,Polly,apolly74@nba.com,Female,160.206.197.231
258,Ahmad,Burwin,aburwin75@globo.com,Male,45.238.97.178
259,Jeffie,McOnie,jmconie76@phoca.cz,Male,91.181.192.85
260,Elsworth,Eadmeads,eeadmeads77@prnewswire.com,Male,113.170.135.24
261,Marion,Newcome,mnewcome78@alibaba.com,Male,22.177.200.92
262,Ruy,Lerohan,rlerohan79@yellowbook.com,Genderfluid,9.252.180.156
263,Aliza,Greves,agreves7a@mac.com,Genderfluid,73.123.111.121
264,Paxon,Arnaldo,parnaldo7b@samsung.com,Male,208.163.77.178
265,Currie,Bayns,cbayns7c@whitehouse.gov,Male,108.122.211.112
266,Malissa,Smaleman,msmaleman7d@ocn.ne.jp,Female,0.123.225.9
267,Lennie,Arnaut,larnaut7e@histats.com,Male,148.184.73.17
268,Rawley,Doig,rdoig7f@google.pl,Male,108.41.49.179
269,Sonya,Muffitt,smuffitt7g@japanpost.jp,Non-binary,48.177.16.208
270,Wenda,Robertelli,wrobertelli7h@addthis.com,Female,219.167.118.15
271,Giffard,Ryland,gryland7i@blinklist.com,Male,82.137.25.129
272,Jimmie,Shiliton,jshiliton7j@shinystat.com,Male,88.226.213.97
273,Waneta,Jebb,wjebb7k@gravatar.com,Female,193.173.183.141
274,Gearalt,Humpherston,ghumpherston7l@blogger.com,Male,179.183.144.160
275,Courtnay,Ralton,cralton7m@dedecms.com,Male,24.179.145.114
276,Irvin,Sellstrom,isellstrom7n@upenn.edu,Male,86.209.33.149
277,Maryanna,Glide,mglide7o@paypal.com,Female,41.177.8.185
278,Goldia,Etchingham,getchingham7p@usgs.gov,Female,140.103.100.131
279,Eldon,Rockcliffe,erockcliffe7q@businessweek.com,Male,195.226.224.11
280,Dion,Cotte,dcotte7r@sina.com.cn,Male,64.176.168.212
281,Janenna,Baumadier,jbaumadier7s@loc.gov,Female,53.239.167.185
282,Joshia,Travis,jtravis7t@blogger.com,Male,45.237.75.27
283,Effie,Cawthery,ecawthery7u@cbslocal.com,Female,157.31.218.99
284,Nikolaos,Eck,neck7v@webs.com,Male,184.8.220.175
285,Wyatan,Willman,wwillman7w@homestead.com,Male,74.97.209.124
286,Debby,Venard,dvenard7x@163.com,Female,202.64.86.99
287,Mae,Officer,mofficer7y@ft.com,Female,203.10.175.224
288,Kalvin,Giovanardi,kgiovanardi7z@hubpages.com,Male,90.179.178.137
289,Almeda,Pirie,apirie80@uiuc.edu,Polygender,55.133.216.136
290,Robby,Cawdron,rcawdron81@oakley.com,Male,191.235.155.41
291,Lavinie,Northwood,lnorthwood82@ted.com,Female,116.2.182.250
292,Jakie,Drogan,jdrogan83@google.cn,Male,253.15.210.94
293,Kellyann,Tembridge,ktembridge84@networkadvertising.org,Genderqueer,5.54.188.156
294,Lissie,Diffley,ldiffley85@unblog.fr,Female,165.121.247.153
295,Daisie,Mitchelmore,dmitchelmore86@paginegialle.it,Female,76.92.191.248
296,Christie,Nehlsen,cnehlsen87@example.com,Female,184.127.58.133
297,Man,Dedrick,mdedrick88@skype.com,Male,70.132.7.46
298,Allistir,Darling,adarling89@plala.or.jp,Male,36.100.28.206
299,Seward,Bean,sbean8a@tinypic.com,Male,57.199.198.61
300,Cliff,Runacres,crunacres8b@goo.gl,Male,90.89.185.18
301,Phelia,Labram,plabram8c@comsenz.com,Female,172.191.74.179
302,Haydon,McCullagh,hmccullagh8d@indiatimes.com,Male,16.180.33.212
303,Farlie,Pottie,fpottie8e@home.pl,Agender,127.157.223.155
304,Marney,Klemke,mklemke8f@hibu.com,Polygender,42.187.232.138
305,Jori,McElroy,jmcelroy8g@123-reg.co.uk,Female,169.5.120.69
306,Christophe,Colrein,ccolrein8h@canalblog.com,Male,67.23.20.6
307,Courtney,Scarse,cscarse8i@google.com.br,Male,69.213.59.157
308,Rogerio,Gaytor,rgaytor8j@de.vu,Male,45.242.172.97
309,Boyce,Costelow,bcostelow8k@angelfire.com,Male,235.84.211.153
310,Nancee,Dudeney,ndudeney8l@hc360.com,Female,218.182.12.123
311,Clair,Skillings,cskillings8m@domainmarket.com,Male,145.144.93.148
312,Leland,Drew-Clifton,ldrewclifton8n@discuz.net,Male,206.64.64.246
313,Wilhelm,Fahy,wfahy8o@amazon.co.jp,Male,252.176.109.25
314,Star,Sneezem,ssneezem8p@fema.gov,Agender,155.83.3.9
315,Stefanie,Ebbutt,sebbutt8q@phoca.cz,Female,130.218.186.166
316,Deborah,Engeham,dengeham8r@columbia.edu,Female,177.142.159.68
317,Dante,Mauger,dmauger8s@soup.io,Male,229.99.201.67
318,Alair,Slowgrove,aslowgrove8t@cbc.ca,Male,49.138.60.144
319,Edgard,Fardy,efardy8u@pbs.org,Male,107.182.90.140
320,Tabby,Striker,tstriker8v@php.net,Female,226.134.194.64
321,Petrina,Kalvin,pkalvin8w@imageshack.us,Female,8.114.136.175
322,Michelle,Budnk,mbudnk8x@barnesandnoble.com,Non-binary,86.101.204.77
323,Sutherlan,Stockings,sstockings8y@dropbox.com,Male,96.199.88.23
324,Gris,McDonald,gmcdonald8z@blogspot.com,Male,213.15.139.242
325,Maryann,Whelan,mwhelan90@nba.com,Female,240.212.175.107
326,Bruno,Pomfret,bpomfret91@mlb.com,Non-binary,124.158.128.4
327,Darrelle,Esherwood,desherwood92@microsoft.com,Female,151.228.203.40
328,Mikol,Horsley,mhorsley93@123-reg.co.uk,Male,62.39.188.47
329,Verna,Cicchillo,vcicchillo94@blogger.com,Female,73.52.227.217
330,Osgood,Chavez,ochavez95@cargocollective.com,Male,200.191.146.8
331,Jedediah,Danaher,jdanaher96@friendfeed.com,Male,244.39.66.95
332,Allis,Helliker,ahelliker97@nydailynews.com,Female,233.86.242.7
333,Nefen,O'Gaven,nogaven98@hostgator.com,Male,82.56.229.137
334,Gilligan,Bendelow,gbendelow99@comsenz.com,Polygender,233.143.176.46
335,Gradeigh,Goalby,ggoalby9a@csmonitor.com,Male,18.174.71.248
336,Liesa,Barcke,lbarcke9b@globo.com,Female,3.43.39.15
337,Randell,Antognetti,rantognetti9c@devhub.com,Male,49.222.15.30
338,Merrill,Dashkov,mdashkov9d@altervista.org,Male,141.43.23.133
339,Toma,De la croix,tdelacroix9e@simplemachines.org,Female,24.126.154.74
340,Sofie,Paolinelli,spaolinelli9f@google.es,Female,193.121.249.86
341,Shawna,Peplaw,speplaw9g@wikispaces.com,Female,122.239.29.221
342,Christalle,Lumley,clumley9h@redcross.org,Female,128.61.89.227
343,Allie,Clementel,aclementel9i@reference.com,Female,161.57.219.73
344,Andros,Bolduc,abolduc9j@merriam-webster.com,Male,193.205.207.153
345,Gregorius,Morales,gmorales9k@cbslocal.com,Male,228.48.93.133
346,Cristionna,Coultar,ccoultar9l@over-blog.com,Female,74.132.79.153
347,Rycca,Joddens,rjoddens9m@google.ca,Female,97.124.11.165
348,Celie,Geffinger,cgeffinger9n@utexas.edu,Female,2.16.193.151
349,Welby,DeSousa,wdesousa9o@networkadvertising.org,Male,214.154.181.210
350,Dael,Bernardotte,dbernardotte9p@archive.org,Male,42.209.166.114
351,Hyacinthia,Vasyukhnov,hvasyukhnov9q@netlog.com,Female,180.116.14.128
352,Kalli,Byrd,kbyrd9r@craigslist.org,Female,124.148.35.53
353,Adolphus,Dudin,adudin9s@cornell.edu,Male,182.51.22.158
354,Harriett,Slessor,hslessor9t@hubpages.com,Female,35.246.64.145
355,Amandi,Rosekilly,arosekilly9u@boston.com,Female,79.242.21.53
356,Kaiser,Scantleberry,kscantleberry9v@51.la,Male,188.204.130.107
357,Shauna,Stevings,sstevings9w@java.com,Female,8.49.202.83
358,Rip,Raeburn,rraeburn9x@usnews.com,Male,128.221.116.142
359,Roland,Langan,rlangan9y@google.com.br,Male,11.242.194.197
360,Sarene,Cratchley,scratchley9z@aboutads.info,Bigender,129.114.240.176
361,Francklyn,Albury,falburya0@de.vu,Male,239.240.105.232
362,Bernarr,Kydd,bkydda1@deviantart.com,Non-binary,26.244.82.124
363,Aldridge,Hourston,ahourstona2@meetup.com,Male,83.231.207.176
364,Wilbert,Deane,wdeanea3@miibeian.gov.cn,Male,218.67.92.236
365,Wandis,Kelsey,wkelseya4@stumbleupon.com,Bigender,143.110.132.84
366,Darcie,Georges,dgeorgesa5@google.cn,Female,97.211.67.242
367,Garrick,Gelsthorpe,ggelsthorpea6@google.pl,Male,56.174.143.73
368,Isidor,McBratney,imcbratneya7@plala.or.jp,Male,129.118.167.130
369,Nolie,Canby,ncanbya8@is.gd,Female,42.239.145.32
370,Rosalind,Koenen,rkoenena9@stanford.edu,Female,198.127.184.100
371,Terencio,Basley,tbasleyaa@hostgator.com,Male,54.232.123.74
372,Verney,Skein,vskeinab@ox.ac.uk,Bigender,85.12.231.48
373,Obediah,Mityashev,omityashevac@microsoft.com,Male,152.84.64.165
374,Dmitri,Lamborn,dlambornad@scribd.com,Male,209.100.56.148
375,Sandi,Ties,stiesae@hao123.com,Female,213.57.185.228
376,Meredeth,Fooks,mfooksaf@google.ru,Male,243.235.24.213
377,Diena,Sleith,dsleithag@tripadvisor.com,Agender,217.212.162.184
378,Lorianna,Trenaman,ltrenamanah@twitpic.com,Female,44.134.251.1
379,Yolane,Fruen,yfruenai@blogger.com,Female,56.31.169.231
380,Yuma,Sellan,ysellanaj@studiopress.com,Polygender,94.253.61.69
381,Frankie,Legerton,flegertonak@fastcompany.com,Female,167.16.243.28
382,Meredith,Carlesi,mcarlesial@pagesperso-orange.fr,Male,40.141.148.176
383,Woodie,McGurk,wmcgurkam@bandcamp.com,Male,126.219.23.30
384,Lucy,Proback,lprobackan@hostgator.com,Female,202.199.49.37
385,Hortensia,Craddy,hcraddyao@quantcast.com,Female,207.204.178.157
386,Menard,Odegaard,modegaardap@diigo.com,Male,93.39.166.40
387,Damiano,Emptage,demptageaq@gravatar.com,Male,182.157.213.125
388,Clayson,Stoak,cstoakar@alexa.com,Male,66.144.207.57
389,Bibbye,Horstead,bhorsteadas@auda.org.au,Female,90.26.223.237
390,Gnni,Damarell,gdamarellat@cafepress.com,Female,154.50.90.68
391,Dale,Vallentin,dvallentinau@feedburner.com,Male,48.158.189.140
392,Giraud,McPartlin,gmcpartlinav@creativecommons.org,Male,252.57.213.84
393,Alanson,Scowcroft,ascowcroftaw@example.com,Male,183.234.73.90
394,Kassie,Hansford,khansfordax@army.mil,Female,219.161.227.228
395,Anstice,Billings,abillingsay@so-net.ne.jp,Female,100.65.30.56
396,Derrek,Scamal,dscamalaz@state.tx.us,Male,161.148.43.33
397,Mab,Credland,mcredlandb0@upenn.edu,Female,177.208.247.169
398,Jacynth,Eastby,jeastbyb1@typepad.com,Female,255.167.67.56
399,Lacie,Center,lcenterb2@fema.gov,Female,15.150.34.67
400,Laurens,Gepheart,lgepheartb3@japanpost.jp,Male,74.87.50.15
401,Angie,Merit,ameritb4@multiply.com,Bigender,55.239.62.132
402,Ingaborg,MacPeake,imacpeakeb5@timesonline.co.uk,Female,88.26.88.106
403,Maud,Woolen,mwoolenb6@pen.io,Female,24.17.4.46
404,Karalee,Potteridge,kpotteridgeb7@reddit.com,Female,181.120.191.219
405,Aleece,Sproat,asproatb8@histats.com,Female,159.129.209.97
406,Julian,Themann,jthemannb9@bloomberg.com,Male,87.125.35.146
407,Chip,Rediers,crediersba@moonfruit.com,Male,63.85.107.45
408,Jacquenette,Archdeckne,jarchdecknebb@bandcamp.com,Agender,226.141.113.214
409,Michal,Piscotti,mpiscottibc@scientificamerican.com,Female,190.136.126.99
410,Miles,Osmant,mosmantbd@ed.gov,Male,77.208.121.251
411,Onfre,Kunzel,okunzelbe@theatlantic.com,Male,1.153.169.43
412,Matthias,Theaker,mtheakerbf@ft.com,Male,61.77.242.35
413,Frederigo,Kirkness,fkirknessbg@goodreads.com,Male,120.59.100.122
414,Elizabet,Sorel,esorelbh@google.com.br,Female,11.174.154.133
415,Rex,Oldershaw,roldershawbi@hostgator.com,Male,249.127.190.16
416,Jefferson,Boagey,jboageybj@de.vu,Male,217.199.227.148
417,Thadeus,Sylett,tsylettbk@shop-pro.jp,Male,124.189.174.31
418,Misti,Adair,madairbl@ucoz.com,Female,59.56.153.79
419,Genia,Vagges,gvaggesbm@engadget.com,Female,18.227.134.39
420,Bettye,Wallenger,bwallengerbn@java.com,Female,14.209.181.87
421,Corabelle,Gianettini,cgianettinibo@senate.gov,Female,226.101.242.110
422,Chloe,Klimas,cklimasbp@bloglovin.com,Female,54.111.253.163
423,John,Loins,jloinsbq@ucla.edu,Polygender,107.74.57.23
424,Fay,Trinbey,ftrinbeybr@skyrock.com,Female,67.49.24.141
425,Vilma,Lensch,vlenschbs@cloudflare.com,Female,179.171.103.67
426,Isac,Hanrott,ihanrottbt@weibo.com,Male,72.47.188.107
427,Orelee,Winchcombe,owinchcombebu@state.tx.us,Non-binary,76.150.220.105
428,Edlin,Goldie,egoldiebv@themeforest.net,Male,53.223.85.44
429,Emanuele,Sutheran,esutheranbw@jimdo.com,Male,134.114.33.146
430,Maye,Acedo,macedobx@google.co.jp,Female,43.6.130.118
431,Lonna,Elcocks,lelcocksby@taobao.com,Female,93.227.154.180
432,Cathy,Souter,csouterbz@goo.ne.jp,Female,142.75.147.175
433,Pablo,Wollen,pwollenc0@blogger.com,Male,160.83.193.143
434,Sherilyn,Caldecott,scaldecottc1@so-net.ne.jp,Female,14.144.116.156
435,Guss,Longfut,glongfutc2@myspace.com,Male,118.200.64.127
436,Zolly,Keysel,zkeyselc3@ft.com,Male,245.129.114.99
437,Penn,Abramowitz,pabramowitzc4@geocities.jp,Male,25.78.87.138
438,Rayner,Kennedy,rkennedyc5@php.net,Male,94.44.120.17
439,Leland,Youel,lyouelc6@domainmarket.com,Female,99.194.119.164
440,Roberto,Bullock,rbullockc7@webs.com,Male,28.165.21.176
441,Kelli,Fackney,kfackneyc8@photobucket.com,Female,111.231.74.96
442,Averil,Brothwood,abrothwoodc9@zimbio.com,Male,113.148.61.88
443,Talbot,Elnor,telnorca@reddit.com,Male,115.237.3.227
444,Isidor,Grigoriev,igrigorievcb@slideshare.net,Male,0.184.244.87
445,Raimund,Navaro,rnavarocc@mtv.com,Male,103.133.167.96
446,Harri,Ishaki,hishakicd@bing.com,Female,56.30.169.245
447,Bendix,Annandale,bannandalece@nhs.uk,Male,202.28.47.140
448,Cayla,Gillimgham,cgillimghamcf@about.com,Female,4.199.146.17
449,Kessiah,Girardez,kgirardezcg@state.tx.us,Female,182.202.142.214
450,Karena,Badrock,kbadrockch@newsvine.com,Female,192.253.111.186
451,Ellsworth,Ajsik,eajsikci@51.la,Male,173.177.130.35
452,Becca,Ladell,bladellcj@gnu.org,Female,250.205.194.26
453,Erv,Elgy,eelgyck@360.cn,Male,121.76.174.126
454,Lanna,Faughny,lfaughnycl@forbes.com,Female,104.74.157.35
455,Korry,Dykas,kdykascm@ox.ac.uk,Female,54.91.204.200
456,Doloritas,Pottes,dpottescn@stanford.edu,Female,243.112.81.251
457,Mab,Humbey,mhumbeyco@ted.com,Female,248.144.205.156
458,Lyndsie,Clulee,lcluleecp@xinhuanet.com,Female,66.69.31.235
459,Zitella,Durrett,zdurrettcq@google.ru,Female,178.208.157.197
460,Susana,Urvoy,survoycr@ameblo.jp,Agender,207.182.138.201
461,Linnea,Pheasey,lpheaseycs@vistaprint.com,Female,203.97.187.254
462,Merrielle,Schwanden,mschwandenct@google.es,Female,228.145.28.9
463,Corny,Pettican,cpetticancu@clickbank.net,Bigender,98.14.184.57
464,Adria,Belford,abelfordcv@ox.ac.uk,Female,149.121.225.219
465,Wendie,Ullett,wullettcw@seattletimes.com,Female,173.184.201.58
466,Guss,Wiggins,gwigginscx@google.co.uk,Male,122.71.142.42
467,Nowell,Neumann,nneumanncy@pagesperso-orange.fr,Male,28.189.21.145
468,Alison,Farquar,afarquarcz@ebay.com,Female,124.246.108.67
469,Roxi,Gretham,rgrethamd0@cornell.edu,Female,199.22.137.194
470,Wendie,Deneve,wdeneved1@umich.edu,Female,193.95.112.0
471,Norri,Abbado,nabbadod2@themeforest.net,Female,29.5.253.86
472,Lurleen,Garrettson,lgarrettsond3@blogs.com,Female,42.90.90.206
473,Lewiss,Milam,lmilamd4@barnesandnoble.com,Male,78.166.235.49
474,Liza,Durnian,ldurniand5@instagram.com,Female,9.188.248.37
475,Mamie,Shippey,mshippeyd6@macromedia.com,Female,104.199.73.193
476,Adriano,Danilovitch,adanilovitchd7@bandcamp.com,Male,144.184.182.113
477,Cyrus,Gerdts,cgerdtsd8@admin.ch,Male,188.34.252.19
478,Anni,Tothe,atothed9@toplist.cz,Genderqueer,51.94.166.190
479,Cullen,Burhill,cburhillda@jigsy.com,Male,104.43.18.232
480,Edy,Auden,eaudendb@tinyurl.com,Female,194.55.253.108
481,Vincenz,Lenz,vlenzdc@go.com,Male,210.191.153.24
482,Audrey,Roloff,aroloffdd@i2i.jp,Female,133.46.55.61
483,Devina,Hubert,dhubertde@bluehost.com,Female,7.113.115.84
484,Niles,Ashlee,nashleedf@facebook.com,Male,214.97.134.7
485,Link,Chaim,lchaimdg@naver.com,Male,152.182.101.209
486,Joana,Senior,jseniordh@list-manage.com,Female,45.75.103.17
487,Nikos,Fulk,nfulkdi@furl.net,Male,222.1.103.235
488,Kele,Billyeald,kbillyealddj@a8.net,Male,135.204.146.90
489,Terry,Carlet,tcarletdk@stumbleupon.com,Male,215.57.185.142
490,Rafaelita,Fullman,rfullmandl@dailymail.co.uk,Female,44.229.45.72
491,Valeda,Chellam,vchellamdm@instagram.com,Female,9.217.106.48
492,Meridel,Crimpe,mcrimpedn@weibo.com,Female,138.166.62.180
493,Langston,Clements,lclementsdo@example.com,Male,66.224.218.251
494,Thorndike,Jerromes,tjerromesdp@businessinsider.com,Male,123.11.45.177
495,Benny,Addicott,baddicottdq@123-reg.co.uk,Male,187.246.182.31
496,Jeniffer,Behnecke,jbehneckedr@msn.com,Agender,57.201.176.198
497,Robbie,Anear,raneards@arstechnica.com,Female,85.209.104.174
498,Archer,Hadlington,ahadlingtondt@sbwire.com,Male,91.179.209.219
499,Reinaldo,Lafont,rlafontdu@harvard.edu,Male,64.24.48.140
500,Paola,Arends,parendsdv@alibaba.com,Female,127.214.202.232
501,Celestyn,Angliss,canglissdw@ask.com,Female,97.251.140.31
502,Abraham,Baiss,abaissdx@typepad.com,Male,174.243.96.177
503,Uriah,Muscat,umuscatdy@google.co.uk,Male,53.29.88.142
504,Alana,Sallter,asallterdz@tumblr.com,Female,82.69.68.52
505,Lela,Damsell,ldamselle0@list-manage.com,Female,255.46.93.155
506,Anjela,Algar,aalgare1@typepad.com,Female,167.40.240.65
507,Asher,Odlin,aodline2@de.vu,Male,92.224.72.174
508,Jessa,Girardin,jgirardine3@eepurl.com,Female,90.197.41.51
509,Angie,Denley,adenleye4@google.com.br,Female,230.236.195.234
510,Davis,Coombe,dcoombee5@hp.com,Male,5.167.93.25
511,Inglis,Strongman,istrongmane6@discuz.net,Male,120.128.43.89
512,Yorker,Oattes,yoattese7@netscape.com,Male,195.116.128.164
513,Chick,Jeal,cjeale8@gov.uk,Male,17.223.194.99
514,Kirk,Rumming,krumminge9@t-online.de,Male,63.35.152.97
515,Miller,Monard,mmonardea@de.vu,Male,116.232.169.21
516,Irwinn,Edgeller,iedgellereb@patch.com,Male,64.56.18.183
517,Port,MacKellen,pmackellenec@facebook.com,Male,255.7.9.5
518,Quintin,Kitchenham,qkitchenhamed@mediafire.com,Male,22.54.255.204
519,Lethia,Amdohr,lamdohree@discuz.net,Female,132.94.208.136
520,Yancy,Stranieri,ystranierief@fc2.com,Male,223.236.62.195
521,Hill,Karlmann,hkarlmanneg@un.org,Non-binary,145.87.187.199
522,Tiebout,Bolsover,tbolsovereh@mozilla.org,Male,159.2.78.58
523,Lyndsie,Tuckwell,ltuckwellei@soundcloud.com,Female,251.42.23.110
524,Agace,Savatier,asavatierej@etsy.com,Female,139.252.247.5
525,Ryon,Bullough,rbulloughek@pcworld.com,Male,52.97.32.199
526,Steffi,Bierman,sbiermanel@phoca.cz,Female,12.240.148.59
527,Everard,Strowlger,estrowlgerem@csmonitor.com,Genderfluid,82.94.49.137
528,Humberto,McDell,hmcdellen@wordpress.com,Male,26.35.78.67
529,Gunar,Tosdevin,gtosdevineo@dropbox.com,Male,224.173.213.45
530,Manda,Ackenson,mackensonep@merriam-webster.com,Polygender,235.62.12.60
531,Aurie,Nizard,anizardeq@plala.or.jp,Genderfluid,237.227.9.174
532,Amil,Fundell,afundeller@webmd.com,Female,96.28.28.45
533,Milo,Fountain,mfountaines@ocn.ne.jp,Male,24.77.120.6
534,Barney,Hugenin,bhugeninet@cnn.com,Male,160.52.201.128
535,Arni,Sexcey,asexceyeu@cloudflare.com,Male,103.30.152.47
536,Diane-marie,Kubicek,dkubicekev@disqus.com,Bigender,1.172.179.207
537,Baily,Hamlin,bhamlinew@istockphoto.com,Male,58.27.62.148
538,Adler,Morstatt,amorstattex@cocolog-nifty.com,Male,17.71.204.12
539,Judon,Rogans,jrogansey@sogou.com,Male,50.208.200.2
540,Malvin,Dowdall,mdowdallez@fotki.com,Male,9.110.167.29
541,Murry,Faughnan,mfaughnanf0@qq.com,Male,84.181.73.138
542,Ken,Bingall,kbingallf1@chicagotribune.com,Male,111.54.97.87
543,Bink,Cabrara,bcabraraf2@slate.com,Male,39.185.157.113
544,Broddie,Aguirrezabala,baguirrezabalaf3@mit.edu,Male,7.242.157.122
545,Gusti,Shadbolt,gshadboltf4@prweb.com,Female,124.40.32.37
546,Pietrek,Foddy,pfoddyf5@bandcamp.com,Bigender,180.63.115.56
547,Raymund,Fludgate,rfludgatef6@kickstarter.com,Male,206.169.146.89
548,Winfred,Wrankmore,wwrankmoref7@google.es,Male,244.18.102.159
549,Reinold,Fairfoull,rfairfoullf8@reuters.com,Male,204.51.172.245
550,Merle,Binfield,mbinfieldf9@bigcartel.com,Male,23.234.21.130
551,Phip,MacConnell,pmacconnellfa@ezinearticles.com,Male,76.220.236.250
552,Cosmo,Praton,cpratonfb@archive.org,Male,185.84.117.64
553,Alyss,Godsil,agodsilfc@cam.ac.uk,Female,107.38.30.165
554,Bucky,Prestage,bprestagefd@php.net,Male,129.64.100.32
555,Dolorita,Virgoe,dvirgoefe@photobucket.com,Female,134.229.202.113
556,Godfree,Antrum,gantrumff@dell.com,Male,123.109.117.113
557,Evania,Marchelli,emarchellifg@gmpg.org,Female,134.43.243.98
558,Mike,Kermannes,mkermannesfh@seesaa.net,Male,171.153.172.202
559,Humfrid,Bartaletti,hbartalettifi@businessinsider.com,Male,167.3.138.60
560,Bailie,Punshon,bpunshonfj@infoseek.co.jp,Male,181.24.221.97
561,Berny,Marchant,bmarchantfk@altervista.org,Female,199.250.207.115
562,Em,Spinley,espinleyfl@themeforest.net,Female,204.147.244.68
563,Adelheid,Keeney,akeeneyfm@shop-pro.jp,Agender,124.113.217.101
564,Munmro,Minett,mminettfn@reddit.com,Male,243.160.248.104
565,Reeva,McElane,rmcelanefo@virginia.edu,Non-binary,235.247.18.209
566,Dal,Tregunnah,dtregunnahfp@aboutads.info,Male,3.176.195.233
567,Ina,Clyburn,iclyburnfq@fc2.com,Female,191.131.28.62
568,Frans,Bloxham,fbloxhamfr@irs.gov,Male,21.7.52.47
569,Nelie,Northfield,nnorthfieldfs@gnu.org,Female,119.227.241.213
570,Dorene,Farrar,dfarrarft@cargocollective.com,Female,232.101.44.156
571,Jania,Allaway,jallawayfu@mapquest.com,Female,160.52.122.126
572,Kellyann,McCart,kmccartfv@ucla.edu,Female,190.255.54.125
573,Filberte,Stud,fstudfw@eepurl.com,Male,148.94.25.243
574,Geralda,Cardoe,gcardoefx@msu.edu,Female,11.121.26.54
575,Leontyne,Di Roberto,ldirobertofy@sciencedaily.com,Female,9.113.140.227
576,Marin,Dampney,mdampneyfz@springer.com,Female,241.175.83.126
577,Brear,Varne,bvarneg0@vistaprint.com,Female,135.167.239.213
578,Duffy,Iacoviello,diacoviellog1@skyrock.com,Male,48.143.188.132
579,Parrnell,Meryett,pmeryettg2@last.fm,Male,47.190.49.224
580,Trey,Guiett,tguiettg3@g.co,Male,6.35.182.179
581,Colan,Casley,ccasleyg4@ask.com,Male,166.227.40.90
582,Hollis,Liddle,hliddleg5@sourceforge.net,Male,198.13.84.226
583,Marlie,Marchenko,mmarchenkog6@icio.us,Female,33.174.47.137
584,Hewett,Mocker,hmockerg7@spiegel.de,Male,54.158.80.219
585,Lezley,Todeo,ltodeog8@dion.ne.jp,Male,105.34.217.33
586,Finn,Tripon,ftripong9@baidu.com,Genderqueer,0.4.53.38
587,Lexi,Sealove,lsealovega@slashdot.org,Female,236.143.237.161
588,Kyle,Hagston,khagstongb@github.io,Male,207.70.240.182
589,Rafferty,Hoy,rhoygc@apple.com,Non-binary,254.18.180.124
590,Elana,Roome,eroomegd@virginia.edu,Female,44.68.217.191
591,Amerigo,Emanuelli,aemanuellige@51.la,Male,223.2.201.11
592,Jaynell,Charer,jcharergf@sitemeter.com,Female,106.156.227.129
593,Manda,Wankling,mwanklinggg@imdb.com,Female,131.124.41.96
594,Harlan,Heeps,hheepsgh@smugmug.com,Male,250.49.197.196
595,Callida,Merryfield,cmerryfieldgi@cocolog-nifty.com,Female,165.50.176.120
596,Michell,Vasyunichev,mvasyunichevgj@over-blog.com,Genderfluid,123.186.16.117
597,Gipsy,Snar,gsnargk@lycos.com,Female,6.187.47.202
598,Daloris,Tunder,dtundergl@github.com,Female,218.246.160.173
599,Jill,Tipling,jtiplinggm@hatena.ne.jp,Female,122.192.56.122
600,Christie,Fawcus,cfawcusgn@abc.net.au,Male,114.226.87.42
601,Sigrid,Moakes,smoakesgo@multiply.com,Female,9.110.191.220
602,Mathilde,Laborde,mlabordegp@ezinearticles.com,Female,94.9.166.101
603,Bank,Heyball,bheyballgq@bluehost.com,Male,201.85.232.230
604,Zarah,Harrigan,zharrigangr@360.cn,Female,154.109.46.240
605,Reuben,Hitzschke,rhitzschkegs@businessweek.com,Male,83.206.104.131
606,Jemmie,Angeli,jangeligt@sfgate.com,Female,36.7.19.222
607,Terri,Ezzell,tezzellgu@ning.com,Male,168.192.172.113
608,Christie,Unthank,cunthankgv@netscape.com,Female,20.158.83.43
609,Ashely,Olin,aolingw@xrea.com,Female,190.120.34.78
610,Franni,Piscopiello,fpiscopiellogx@shop-pro.jp,Female,228.179.156.102
611,Maitilde,Ovitz,movitzgy@sun.com,Female,70.9.187.111
612,Maje,Mallord,mmallordgz@ow.ly,Agender,14.157.19.130
613,Mamie,Butchers,mbutchersh0@reference.com,Female,131.0.227.75
614,Cicily,Semkins,csemkinsh1@ocn.ne.jp,Female,213.20.112.237
615,Wandie,Critoph,wcritophh2@hexun.com,Female,231.75.1.83
616,Dollie,Firks,dfirksh3@angelfire.com,Female,82.51.222.193
617,Sidnee,Gosland,sgoslandh4@netvibes.com,Male,80.36.207.144
618,Berta,Larham,blarhamh5@macromedia.com,Female,220.91.63.143
619,Kim,Le Galle,klegalleh6@ebay.co.uk,Agender,70.17.171.250
620,Erin,McArthur,emcarthurh7@si.edu,Male,93.66.60.20
621,Berrie,Luckcock,bluckcockh8@google.ru,Female,195.35.103.154
622,Fabio,Zorzetti,fzorzettih9@nbcnews.com,Male,241.172.168.122
623,Rosmunda,Shipp,rshippha@tinypic.com,Female,147.239.142.83
624,Roxi,Harty,rhartyhb@ihg.com,Female,132.127.232.177
625,Elnora,Ianilli,eianillihc@digg.com,Female,4.152.197.57
626,Elenore,Kidd,ekiddhd@cdbaby.com,Female,227.49.33.83
627,Doloritas,Fossord,dfossordhe@alexa.com,Female,162.194.20.156
628,Lambert,Crooke,lcrookehf@yandex.ru,Male,220.45.244.221
629,Hercules,Clayborn,hclaybornhg@wikipedia.org,Bigender,49.68.135.210
630,Gardiner,Karlik,gkarlikhh@sitemeter.com,Male,14.7.214.182
631,Stanley,Sharrem,ssharremhi@g.co,Male,244.175.229.29
632,Hashim,Twigger,htwiggerhj@spiegel.de,Male,25.9.84.93
633,Erin,Gainfort,egainforthk@ovh.net,Male,252.157.247.181
634,Minor,Whittenbury,mwhittenburyhl@geocities.com,Male,126.212.232.84
635,Oates,Heustice,oheusticehm@gmpg.org,Male,40.202.165.140
636,Rosamond,Conwell,rconwellhn@desdev.cn,Female,6.237.137.92
637,Mendel,McShea,mmcsheaho@house.gov,Male,227.94.52.205
638,Claiborn,Goulbourne,cgoulbournehp@sohu.com,Male,10.2.246.230
639,Vanya,Schmidt,vschmidthq@ucsd.edu,Male,246.106.231.192
640,Trueman,Shanks,tshankshr@mediafire.com,Male,119.175.36.211
641,Yalonda,Cinelli,ycinellihs@tiny.cc,Female,232.194.244.201
642,Alden,Hardes,ahardesht@a8.net,Male,41.2.159.221
643,Gilda,Dressel,gdresselhu@miibeian.gov.cn,Female,152.3.10.134
644,Pincus,D'eath,pdeathhv@rakuten.co.jp,Male,30.61.234.237
645,Glennis,Glowinski,gglowinskihw@hexun.com,Female,121.96.117.68
646,Andreas,Gregan,agreganhx@yahoo.com,Male,23.19.154.41
647,Jermaine,Stedman,jstedmanhy@example.com,Male,92.164.64.89
648,Pavia,McDavid,pmcdavidhz@globo.com,Female,214.80.93.101
649,Bartlett,Dibnah,bdibnahi0@friendfeed.com,Male,51.175.130.227
650,Klement,Oneill,koneilli1@yelp.com,Male,131.12.103.232
651,Georgianna,Mitchell,gmitchelli2@statcounter.com,Polygender,156.17.132.145
652,Auroora,Coakley,acoakleyi3@hexun.com,Female,150.186.173.98
653,Ardelia,Piser,apiseri4@jalbum.net,Female,75.20.161.195
654,Silvie,Blenkensop,sblenkensopi5@mashable.com,Female,213.208.14.105
655,Elvin,Fronsek,efronseki6@dedecms.com,Male,248.153.222.179
656,Baxter,Pim,bpimi7@dot.gov,Male,194.115.32.59
657,Jemima,Sultana,jsultanai8@theguardian.com,Female,55.222.217.115
658,Edin,Cruce,ecrucei9@amazon.com,Female,87.42.143.15
659,Maryrose,Garforth,mgarforthia@fc2.com,Genderqueer,40.169.24.207
660,Winnie,Lambourne,wlambourneib@cmu.edu,Female,120.46.63.41
661,Revkah,Eckert,reckertic@biblegateway.com,Female,143.32.248.228
662,Jesselyn,Heyns,jheynsid@wikispaces.com,Female,49.225.82.6
663,Mayer,Bellord,mbellordie@state.gov,Male,238.245.75.11
664,Marco,Alderson,maldersonif@ow.ly,Male,254.206.123.111
665,Verene,Joynson,vjoynsonig@zdnet.com,Female,83.138.217.17
666,Marni,Mc Giffin,mmcgiffinih@amazon.com,Female,57.146.215.64
667,Tedi,Cerro,tcerroii@scribd.com,Female,7.4.175.5
668,Gerrie,Varran,gvarranij@pcworld.com,Agender,87.255.102.131
669,Jobey,Groarty,jgroartyik@mapy.cz,Female,241.197.56.99
670,Odie,Nyles,onylesil@miibeian.gov.cn,Male,242.239.220.211
671,Ozzie,Bearward,obearwardim@apache.org,Male,45.6.135.3
672,Jerrylee,Trice,jtricein@gizmodo.com,Female,106.157.182.198
673,Maison,Mozzini,mmozziniio@nbcnews.com,Male,106.3.255.254
674,Kendal,Meeron,kmeeronip@weibo.com,Male,42.251.95.139
675,Glenine,Polland,gpollandiq@vk.com,Female,110.63.255.37
676,Allie,Cloney,acloneyir@hostgator.com,Female,99.43.9.81
677,Lynne,Brizell,lbrizellis@hud.gov,Female,60.165.63.17
678,Luis,Bover,lboverit@barnesandnoble.com,Male,74.50.229.248
679,Phillis,Handy,phandyiu@usatoday.com,Female,159.31.95.112
680,Johanna,Boni,jboniiv@yahoo.co.jp,Agender,235.126.31.8
681,Leonid,Clute,lcluteiw@comsenz.com,Male,71.221.14.133
682,Graham,Gwinnett,ggwinnettix@nasa.gov,Male,123.127.80.4
683,Matthew,Deveraux,mdeverauxiy@rediff.com,Male,30.229.56.238
684,Eugene,Pasfield,epasfieldiz@boston.com,Male,90.51.129.20
685,Broddie,Stetlye,bstetlyej0@nhs.uk,Male,162.17.90.178
686,Cam,Foux,cfouxj1@odnoklassniki.ru,Female,221.1.77.23
687,Sergent,Lucus,slucusj2@howstuffworks.com,Male,31.152.244.18
688,Annice,Farlham,afarlhamj3@alexa.com,Female,249.29.217.150
689,Sky,Rix,srixj4@whitehouse.gov,Male,0.103.20.182
690,Hailey,Needs,hneedsj5@cbsnews.com,Male,125.144.244.8
691,Kippie,Palmby,kpalmbyj6@cornell.edu,Male,233.60.65.103
692,Clarke,Djurevic,cdjurevicj7@whitehouse.gov,Male,191.5.255.148
693,Yetty,Cratchley,ycratchleyj8@dedecms.com,Female,125.120.172.91
694,Blakelee,Pride,bpridej9@unblog.fr,Female,140.39.15.155
695,Roxy,Monroe,rmonroeja@networksolutions.com,Female,127.172.255.94
696,Ira,Mushett,imushettjb@theguardian.com,Male,204.19.105.100
697,Nanine,Zuan,nzuanjc@guardian.co.uk,Female,207.106.70.134
698,Lishe,Thowes,lthowesjd@usa.gov,Female,107.248.183.131
699,Roxi,Cocks,rcocksje@umich.edu,Female,16.75.88.137
700,Geri,Surman-Wells,gsurmanwellsjf@hostgator.com,Polygender,9.35.59.122
701,Kathye,Huddart,khuddartjg@linkedin.com,Female,226.87.177.45
702,Verge,Hrinchenko,vhrinchenkojh@nyu.edu,Male,69.54.73.138
703,Lyndy,Winchcum,lwinchcumji@mit.edu,Female,199.7.168.136
704,Fernando,Deaconson,fdeaconsonjj@mapquest.com,Male,100.220.210.84
705,Bel,Vaughten,bvaughtenjk@bandcamp.com,Female,95.68.142.242
706,Emile,Boots,ebootsjl@istockphoto.com,Male,214.95.231.147
707,Raddie,Brisseau,rbrisseaujm@apache.org,Male,79.127.149.25
708,Leoline,Snoxill,lsnoxilljn@nih.gov,Female,114.195.3.101
709,Tremaine,Greir,tgreirjo@mac.com,Male,192.225.251.228
710,Olivette,Knightley,oknightleyjp@newsvine.com,Female,17.136.38.25
711,Boycey,Grimsditch,bgrimsditchjq@hc360.com,Male,15.124.190.46
712,Clair,Cleeve,ccleevejr@pcworld.com,Female,232.220.47.208
713,Norry,Erangy,nerangyjs@buzzfeed.com,Male,210.155.211.114
714,Rebecka,Aubery,rauberyjt@jugem.jp,Female,173.112.63.66
715,Minerva,Tather,mtatherju@4shared.com,Female,192.133.4.61
716,Elliot,O'Luney,eoluneyjv@edublogs.org,Male,180.161.38.183
717,Jimmie,Lunk,jlunkjw@ucla.edu,Male,91.74.56.79
718,Cybil,Romanet,cromanetjx@java.com,Female,31.60.60.247
719,See,Tuminelli,stuminellijy@alexa.com,Polygender,176.243.106.129
720,Terrance,Venney,tvenneyjz@cdbaby.com,Male,140.248.185.236
721,Ferrel,Chessman,fchessmank0@sakura.ne.jp,Genderfluid,166.201.34.70
722,Norbert,Pownall,npownallk1@youtube.com,Male,151.134.62.25
723,Jock,Toulson,jtoulsonk2@reddit.com,Male,210.236.194.5
724,Trixie,Enrietto,tenriettok3@vkontakte.ru,Female,69.15.15.67
725,Hamid,Dodgshun,hdodgshunk4@opera.com,Male,225.43.37.151
726,Welsh,Caston,wcastonk5@imageshack.us,Male,75.212.185.167
727,Edmund,Meers,emeersk6@aboutads.info,Male,0.181.142.145
728,Effie,Innocenti,einnocentik7@slideshare.net,Female,31.109.231.80
729,Odell,Burbury,oburburyk8@google.ru,Male,170.23.148.101
730,Ewell,Kupker,ekupkerk9@tiny.cc,Male,116.232.137.207
731,Nancey,Latter,nlatterka@yandex.ru,Female,110.60.55.38
732,Perceval,Elderbrant,pelderbrantkb@independent.co.uk,Male,221.74.43.98
733,Findlay,Bevir,fbevirkc@illinois.edu,Male,98.14.129.20
734,Waldon,Skoggings,wskoggingskd@example.com,Male,70.65.12.200
735,Dore,Pauletto,dpaulettoke@fc2.com,Male,12.137.64.85
736,Bettye,Kieff,bkieffkf@wsj.com,Female,188.26.224.112
737,Lauryn,Sugarman,lsugarmankg@gizmodo.com,Genderfluid,136.120.81.151
738,Dusty,Bassilashvili,dbassilashvilikh@webnode.com,Female,33.112.236.227
739,Thorny,Deverall,tdeverallki@over-blog.com,Non-binary,69.64.62.148
740,Lucy,Dingate,ldingatekj@wired.com,Female,59.136.95.131
741,Conny,Tyreman,ctyremankk@ted.com,Male,31.238.110.194
742,Abner,Upson,aupsonkl@pbs.org,Male,0.207.227.74
743,Aldus,Houldey,ahouldeykm@joomla.org,Polygender,224.239.108.49
744,Aline,Baggot,abaggotkn@digg.com,Female,39.216.205.53
745,Lorne,Pie,lpieko@ted.com,Female,122.181.145.31
746,Babita,Gouly,bgoulykp@github.io,Female,58.234.18.237
747,Dian,Ten Broek,dtenbroekkq@wikia.com,Female,140.200.4.208
748,Rodd,Crichten,rcrichtenkr@wikipedia.org,Male,223.251.162.244
749,Flemming,Bircher,fbircherks@sciencedaily.com,Male,22.224.102.185
750,Daryle,McKea,dmckeakt@imdb.com,Male,73.71.35.174
751,Spense,McAlister,smcalisterku@1und1.de,Male,221.239.201.84
752,Randi,Bullent,rbullentkv@europa.eu,Female,200.133.22.208
753,Arvie,McGrath,amcgrathkw@bloomberg.com,Male,47.241.97.251
754,Fran,Ragg,fraggkx@usatoday.com,Female,128.153.158.76
755,Avery,Matteris,amatterisky@squarespace.com,Male,194.95.19.234
756,Therese,Caygill,tcaygillkz@goodreads.com,Female,47.196.107.74
757,Charlotta,Jeenes,cjeenesl0@comcast.net,Female,231.9.174.152
758,Lefty,Gilman,lgilmanl1@wired.com,Male,26.65.200.126
759,Sanford,Dust,sdustl2@guardian.co.uk,Male,141.110.204.114
760,Daron,Slader,dsladerl3@ibm.com,Agender,231.114.118.161
761,Marilin,Skule,mskulel4@discuz.net,Female,136.170.128.243
762,Aleece,Petican,apeticanl5@elegantthemes.com,Female,236.238.1.239
763,Audrie,Boldra,aboldral6@fotki.com,Female,150.65.75.197
764,Juana,Tetley,jtetleyl7@oaic.gov.au,Female,155.134.247.101
765,Gage,Golborn,ggolbornl8@tripod.com,Male,197.105.43.133
766,Isabel,Snelle,isnellel9@vinaora.com,Genderfluid,198.132.132.179
767,Atlante,Caldicott,acaldicottla@geocities.jp,Female,98.148.188.166
768,Alwin,Ogers,aogerslb@google.cn,Genderqueer,103.151.23.170
769,Dallas,Marikhin,dmarikhinlc@boston.com,Female,4.200.12.53
770,Charis,Thomke,cthomkeld@1688.com,Female,226.248.76.196
771,Nick,Toffts,ntofftsle@mit.edu,Male,195.136.144.28
772,Lishe,Lebreton,llebretonlf@twitpic.com,Female,201.62.36.74
773,Christiane,Callard,ccallardlg@cornell.edu,Female,222.162.53.124
774,Nora,Cromie,ncromielh@people.com.cn,Female,213.138.105.169
775,Melany,Folshom,mfolshomli@microsoft.com,Female,204.141.157.156
776,Zackariah,Hollindale,zhollindalelj@berkeley.edu,Male,32.215.161.146
777,Reinhold,Gilfoyle,rgilfoylelk@alibaba.com,Male,110.121.187.215
778,Oates,Laborda,olabordall@prweb.com,Male,180.146.87.38
779,Viole,Jolley,vjolleylm@newsvine.com,Female,66.8.166.97
780,Maurie,Garley,mgarleyln@businessweek.com,Male,242.214.242.196
781,Erroll,Bachnic,ebachniclo@nytimes.com,Male,230.224.66.65
782,Daffy,Bushnell,dbushnelllp@blogs.com,Bigender,131.96.164.94
783,Julita,Rembrant,jrembrantlq@ebay.co.uk,Polygender,191.111.94.100
784,Frasquito,Doggrell,fdoggrelllr@nps.gov,Male,70.52.89.39
785,Angelika,Wethered,awetheredls@taobao.com,Female,31.145.173.149
786,Markos,Summerson,msummersonlt@google.ca,Male,159.185.67.214
787,Astrid,Graveson,agravesonlu@jiathis.com,Female,239.4.15.137
788,Bobbee,Louche,blouchelv@pagesperso-orange.fr,Female,172.140.229.117
789,Marco,Ginglell,mginglelllw@amazon.com,Male,4.138.237.128
790,Marvin,Pidon,mpidonlx@businessweek.com,Male,90.57.61.16
791,Darell,Garriock,dgarriockly@baidu.com,Female,142.90.203.150
792,Stacie,Girvin,sgirvinlz@ucoz.ru,Female,221.189.205.150
793,Cecelia,Garlee,cgarleem0@de.vu,Female,219.222.49.193
794,Cart,Pippard,cpippardm1@gravatar.com,Male,155.121.89.121
795,Zared,Parrott,zparrottm2@mac.com,Male,79.220.187.231
796,Paule,Huws,phuwsm3@ed.gov,Female,191.101.195.209
797,Hanny,Simionescu,hsimionescum4@skyrock.com,Bigender,89.248.47.200
798,Zechariah,Pollie,zpolliem5@storify.com,Male,185.133.55.249
799,Broderick,Rockwell,brockwellm6@nhs.uk,Male,215.131.59.126
800,Tomasine,Bernardi,tbernardim7@yahoo.com,Agender,181.139.104.241
801,Rowland,Bebb,rbebbm8@miibeian.gov.cn,Male,4.235.238.15
802,Tobias,Brunn,tbrunnm9@harvard.edu,Male,244.228.30.173
803,Lilia,Duffil,lduffilma@mlb.com,Female,217.11.160.57
804,Calla,Blazey,cblazeymb@diigo.com,Female,158.39.46.100
805,Cary,Hatchman,chatchmanmc@infoseek.co.jp,Female,121.155.195.205
806,Rheta,Stanway,rstanwaymd@baidu.com,Female,182.130.177.126
807,Catharine,Chafer,cchaferme@eventbrite.com,Female,151.81.21.65
808,Reinwald,Cruse,rcrusemf@istockphoto.com,Male,90.128.147.127
809,Christiano,Preto,cpretomg@pinterest.com,Male,71.155.159.187
810,Jane,Mathiasen,jmathiasenmh@independent.co.uk,Female,117.107.122.48
811,Lois,Ilyukhov,lilyukhovmi@wufoo.com,Female,189.178.148.134
812,Linda,Paylor,lpaylormj@google.com.br,Female,216.116.90.170
813,Lorena,Maseyk,lmaseykmk@dropbox.com,Female,126.116.193.134
814,Merwyn,Lenden,mlendenml@youtube.com,Male,249.76.145.72
815,Bettina,Stranahan,bstranahanmm@de.vu,Female,245.33.106.44
816,Lynette,Harry,lharrymn@facebook.com,Female,140.109.106.120
817,Dorine,Balderston,dbalderstonmo@unblog.fr,Female,179.22.126.236
818,Veronike,MacCartney,vmaccartneymp@columbia.edu,Female,74.239.255.218
819,Astrix,Jekel,ajekelmq@boston.com,Female,174.18.236.224
820,Maisie,Portman,mportmanmr@yelp.com,Female,147.142.132.162
821,Gardiner,Aspenlon,gaspenlonms@usgs.gov,Male,109.70.45.164
822,Jacqui,Ham,jhammt@sogou.com,Female,170.204.39.26
823,Lilla,Tew,ltewmu@artisteer.com,Female,83.19.44.136
824,Germana,Murrthum,gmurrthummv@ifeng.com,Female,86.155.168.21
825,Katee,MacDirmid,kmacdirmidmw@bandcamp.com,Female,5.139.16.252
826,Packston,Mabbett,pmabbettmx@squidoo.com,Male,44.117.56.45
827,Reiko,Josskoviz,rjosskovizmy@alexa.com,Agender,160.169.101.113
828,Godfree,Hardiman,ghardimanmz@ebay.com,Male,254.197.89.220
829,Nevin,Stickney,nstickneyn0@barnesandnoble.com,Agender,180.129.159.225
830,Cecily,Monteath,cmonteathn1@cornell.edu,Female,143.98.81.134
831,Elihu,Dumbrill,edumbrilln2@mlb.com,Male,242.159.3.226
832,Hoebart,Dolling,hdollingn3@marketwatch.com,Male,174.157.32.250
833,Vevay,Poter,vpotern4@china.com.cn,Female,1.119.12.76
834,Carree,Merrell,cmerrelln5@ftc.gov,Female,119.43.179.128
835,Vassily,Cuvley,vcuvleyn6@techcrunch.com,Male,254.221.132.28
836,Adeline,Pugh,apughn7@github.com,Female,52.180.32.99
837,Polly,Randell,prandelln8@google.it,Female,175.41.24.18
838,Kilian,Banks,kbanksn9@va.gov,Male,157.180.60.7
839,Ronalda,Dudson,rdudsonna@netlog.com,Female,176.146.181.153
840,Micky,Bassil,mbassilnb@icq.com,Male,45.139.243.37
841,Ralph,Clemence,rclemencenc@netscape.com,Male,184.111.185.166
842,Brendon,Haglinton,bhaglintonnd@gravatar.com,Male,73.246.180.87
843,Wilhelm,Buckberry,wbuckberryne@typepad.com,Male,44.136.83.39
844,Zebedee,Beevers,zbeeversnf@usa.gov,Male,82.21.86.70
845,Conn,Bradder,cbradderng@simplemachines.org,Male,131.48.16.239
846,Bron,Mc-Kerley,bmckerleynh@nydailynews.com,Male,145.107.62.37
847,Sandie,Wintersgill,swintersgillni@constantcontact.com,Non-binary,70.157.128.178
848,Sunny,Kelberer,skelberernj@hud.gov,Male,67.162.121.50
849,Yuma,Atterley,yatterleynk@toplist.cz,Male,100.28.240.237
850,Dirk,Sporrij,dsporrijnl@who.int,Male,179.188.72.138
851,Myrtie,Kollas,mkollasnm@mysql.com,Female,64.181.66.214
852,Christabella,Whittock,cwhittocknn@quantcast.com,Female,145.59.131.53
853,Anni,Bertelsen,abertelsenno@digg.com,Female,86.121.90.86
854,Mayer,Constant,mconstantnp@liveinternet.ru,Male,134.99.156.97
855,Roderich,Gerrels,rgerrelsnq@businessweek.com,Male,77.175.60.13
856,Seumas,Somersett,ssomersettnr@wikia.com,Male,137.251.146.2
857,Catina,Gyenes,cgyenesns@pcworld.com,Female,24.248.118.113
858,Blane,Sutheran,bsutherannt@t.co,Polygender,29.14.146.100
859,Janos,Coda,jcodanu@salon.com,Male,10.246.242.219
860,Vance,Riddle,vriddlenv@behance.net,Male,16.170.68.77
861,Stephen,Mozzini,smozzininw@blinklist.com,Male,170.116.210.218
862,Mead,Sayton,msaytonnx@latimes.com,Male,167.237.164.155
863,Araldo,Sandes,asandesny@nbcnews.com,Male,132.162.187.176
864,Dot,Muscott,dmuscottnz@youtu.be,Female,221.246.146.222
865,Sophia,Ohm,sohmo0@nytimes.com,Female,34.171.25.249
866,Tiertza,Oki,tokio1@hatena.ne.jp,Genderfluid,54.221.196.171
867,Mendel,Gatheridge,mgatheridgeo2@comsenz.com,Male,243.210.143.49
868,Mattias,Mepham,mmephamo3@barnesandnoble.com,Male,74.30.59.186
869,Hymie,Devon,hdevono4@bing.com,Male,248.241.83.28
870,Camella,Piggford,cpiggfordo5@usa.gov,Female,198.98.42.219
871,Justinn,Narducci,jnarduccio6@uol.com.br,Female,184.136.197.231
872,Clyde,Bidmead,cbidmeado7@behance.net,Male,155.164.125.136
873,Jameson,Swindin,jswindino8@google.fr,Male,116.122.65.59
874,Shelba,MacAnellye,smacanellyeo9@ifeng.com,Agender,188.100.116.175
875,Cordelia,Maudlin,cmaudlinoa@diigo.com,Female,168.102.143.239
876,Val,Tuckie,vtuckieob@prnewswire.com,Female,61.99.77.75
877,Peri,Tanner,ptanneroc@google.co.jp,Female,202.34.207.0
878,Minna,Algate,malgateod@ted.com,Female,221.237.103.43
879,Phillida,Kyston,pkystonoe@joomla.org,Female,160.120.237.125
880,Jilleen,Jellicorse,jjellicorseof@economist.com,Genderfluid,72.88.155.21
881,Ingrim,Pillans,ipillansog@nbcnews.com,Male,151.7.138.240
882,Meaghan,Pendlebury,mpendleburyoh@weather.com,Female,242.181.80.103
883,Lolly,Glencross,lglencrossoi@ifeng.com,Female,123.141.185.231
884,Nathanial,Wayne,nwayneoj@naver.com,Male,205.75.100.152
885,Jillana,Richemond,jrichemondok@columbia.edu,Female,88.119.248.120
886,Christiane,Berrington,cberringtonol@1688.com,Female,92.157.230.115
887,Dyane,Murrill,dmurrillom@omniture.com,Female,56.82.39.245
888,Niki,Paulich,npaulichon@fc2.com,Male,80.236.68.85
889,Larisa,Louthe,lloutheoo@tmall.com,Female,197.41.226.137
890,Lou,Alessandrini,lalessandriniop@e-recht24.de,Female,180.110.132.96
891,Marigold,Powlett,mpowlettoq@ted.com,Female,176.43.102.77
892,Leilah,Braxton,lbraxtonor@dyndns.org,Female,35.164.225.5
893,Archibold,Titterell,atitterellos@arstechnica.com,Male,67.65.135.199
894,Wittie,Gagin,wgaginot@wired.com,Male,18.146.216.88
895,Josh,Manshaw,jmanshawou@reuters.com,Male,200.243.32.94
896,Merola,Spatoni,mspatoniov@squarespace.com,Female,20.191.71.43
897,Beniamino,Munnion,bmunnionow@addthis.com,Male,198.220.191.92
898,Theadora,Hotson,thotsonox@walmart.com,Female,38.54.189.23
899,Deanna,Stapleton,dstapletonoy@hubpages.com,Female,64.65.103.17
900,Guthrie,Hitzschke,ghitzschkeoz@mac.com,Male,140.223.158.61
901,Errick,Tammadge,etammadgep0@typepad.com,Male,88.128.63.168
902,Denny,Waldron,dwaldronp1@instagram.com,Male,70.210.125.178
903,Jerrie,Sharratt,jsharrattp2@youtu.be,Male,133.127.74.247
904,Hersh,Aimer,haimerp3@sfgate.com,Male,141.193.155.152
905,Tony,Lowrance,tlowrancep4@washington.edu,Genderqueer,89.62.122.234
906,Ara,Coo,acoop5@comcast.net,Female,64.222.234.30
907,Calla,Fandrey,cfandreyp6@t.co,Female,35.209.41.188
908,Carlota,Povey,cpoveyp7@histats.com,Female,129.178.209.67
909,Adams,Tiffany,atiffanyp8@eepurl.com,Male,231.56.126.201
910,Karim,Laboune,klabounep9@photobucket.com,Male,189.127.160.203
911,Kiley,Emms,kemmspa@telegraph.co.uk,Male,5.9.110.6
912,Charley,Fluger,cflugerpb@etsy.com,Male,28.246.147.114
913,Kaila,Petroselli,kpetrosellipc@moonfruit.com,Female,179.111.82.24
914,Katrine,Attawell,kattawellpd@ca.gov,Female,203.4.20.26
915,Jerad,Mantz,jmantzpe@sun.com,Male,211.197.193.76
916,Fletch,Perrett,fperrettpf@cnet.com,Male,214.24.216.246
917,Keenan,Ferrie,kferriepg@kickstarter.com,Male,255.183.172.180
918,Magdaia,Heersema,mheersemaph@examiner.com,Female,64.13.231.162
919,Andros,Tibbetts,atibbettspi@samsung.com,Male,134.166.205.92
920,Rori,Vasilmanov,rvasilmanovpj@goo.ne.jp,Female,6.122.195.62
921,Simmonds,McKitterick,smckitterickpk@craigslist.org,Male,50.167.178.67
922,Lyn,De Bernardi,ldebernardipl@xing.com,Female,135.30.112.72
923,Francoise,Storey,fstoreypm@disqus.com,Female,23.91.151.63
924,Tadeas,Tierny,ttiernypn@t-online.de,Male,88.116.144.94
925,Delly,Ballister,dballisterpo@biglobe.ne.jp,Female,227.156.100.218
926,Anne,Raistrick,araistrickpp@kickstarter.com,Female,206.225.253.62
927,Becca,Torresi,btorresipq@about.me,Female,16.110.145.38
928,Licha,Wollacott,lwollacottpr@marriott.com,Female,217.155.58.168
929,Molli,Wason,mwasonps@cnet.com,Female,90.185.54.237
930,Colet,Poulter,cpoulterpt@msn.com,Male,165.121.144.134
931,Ilario,Baxill,ibaxillpu@reddit.com,Male,145.204.139.174
932,Bondon,Drillot,bdrillotpv@mit.edu,Male,12.50.138.231
933,Gilberte,Griffitt,ggriffittpw@list-manage.com,Female,165.201.225.231
934,Farrell,Gaffey,fgaffeypx@sitemeter.com,Male,157.156.8.175
935,Carson,Dory,cdorypy@bing.com,Male,67.28.34.240
936,Kylynn,Hetterich,khetterichpz@nps.gov,Female,254.63.124.248
937,Karole,Weeks,kweeksq0@cbc.ca,Female,62.137.10.107
938,Elvira,Moulden,emouldenq1@arizona.edu,Female,45.225.250.100
939,Putnem,Bizzey,pbizzeyq2@homestead.com,Male,11.46.249.215
940,Berky,Dasent,bdasentq3@fastcompany.com,Male,132.68.211.223
941,Annemarie,McAlinion,amcalinionq4@mlb.com,Female,133.252.181.145
942,Yasmin,Ruckledge,yruckledgeq5@jiathis.com,Female,224.189.225.207
943,Debra,Rist,dristq6@barnesandnoble.com,Female,189.91.3.164
944,Nonah,Hammerson,nhammersonq7@wufoo.com,Female,42.164.210.154
945,Irvine,Czyz,iczyzq8@sina.com.cn,Male,146.206.166.143
946,Monro,Withnall,mwithnallq9@usgs.gov,Male,132.33.106.135
947,Harold,Aldins,haldinsqa@craigslist.org,Male,155.166.182.159
948,Chaddie,Tabourel,ctabourelqb@hugedomains.com,Male,48.47.174.158
949,Durward,David,ddavidqc@businesswire.com,Male,102.229.24.145
950,Felic,Vinall,fvinallqd@wunderground.com,Male,193.193.153.232
951,Dag,Peppett,dpeppettqe@mayoclinic.com,Male,12.187.45.86
952,Bernete,Bryning,bbryningqf@altervista.org,Female,32.40.126.152
953,Katharyn,Negro,knegroqg@ft.com,Female,184.170.226.240
954,Corrina,McCreery,cmccreeryqh@dropbox.com,Female,115.190.71.28
955,Amery,Bamell,abamellqi@jalbum.net,Male,128.243.109.211
956,Brigitta,Lawful,blawfulqj@irs.gov,Female,111.118.93.93
957,Fernandina,Ebbitt,febbittqk@nydailynews.com,Female,133.91.202.57
958,Leonore,Lorie,llorieql@dyndns.org,Female,182.102.147.2
959,Caresse,Turl,cturlqm@harvard.edu,Female,74.47.207.94
960,Elia,Chisnell,echisnellqn@skype.com,Male,146.229.114.8
961,Bartlet,Du Hamel,bduhamelqo@ibm.com,Male,174.225.181.169
962,Teddy,Wade,twadeqp@yolasite.com,Male,124.210.193.146
963,Kathe,Boxer,kboxerqq@dagondesign.com,Female,128.145.48.35
964,Cornelius,Sprason,csprasonqr@icio.us,Male,128.39.157.145
965,Evelin,Causbey,ecausbeyqs@joomla.org,Male,181.57.253.24
966,Gustave,Feilden,gfeildenqt@bloglovin.com,Male,178.158.53.12
967,Shalna,Lazer,slazerqu@smh.com.au,Female,253.201.50.0
968,Lamar,Jukes,ljukesqv@shop-pro.jp,Male,4.76.124.142
969,Adolpho,Shoebottom,ashoebottomqw@gnu.org,Male,39.234.140.76
970,Lissy,Antonsen,lantonsenqx@buzzfeed.com,Female,45.115.111.238
971,Norma,Caitlin,ncaitlinqy@bizjournals.com,Female,75.225.88.73
972,Tye,Brodeur,tbrodeurqz@wiley.com,Male,163.163.92.157
973,Rivkah,Blowfield,rblowfieldr0@yelp.com,Female,101.32.205.41
974,Pierce,Wraggs,pwraggsr1@slashdot.org,Male,232.126.41.133
975,Killy,Westmoreland,kwestmorelandr2@cafepress.com,Male,9.33.3.191
976,Kris,Manketell,kmanketellr3@cnn.com,Polygender,66.203.144.81
977,Midge,Weare,mwearer4@dion.ne.jp,Polygender,148.72.188.213
978,Itch,O'Duggan,iodugganr5@alexa.com,Male,215.106.85.113
979,Rowan,Oret,roretr6@about.me,Male,194.188.44.2
980,Ruth,Navein,rnaveinr7@weather.com,Female,117.97.15.248
981,Gilemette,De Stoop,gdestoopr8@ft.com,Female,67.76.247.96
982,Deane,Leroux,dlerouxr9@google.co.uk,Male,86.190.10.176
983,Carlin,Shier,cshierra@springer.com,Female,133.29.61.231
984,Stormy,Pucker,spuckerrb@virginia.edu,Female,25.12.141.176
985,Theodoric,Selburn,tselburnrc@wp.com,Agender,211.83.2.101
986,Morena,Greasty,mgreastyrd@sohu.com,Female,28.148.79.242
987,Gery,Pessolt,gpessoltre@loc.gov,Male,98.174.81.71
988,Adriano,Southward,asouthwardrf@jalbum.net,Male,83.214.42.252
989,Olimpia,Gravestone,ogravestonerg@homestead.com,Female,151.165.79.248
990,Skylar,Brunicke,sbrunickerh@wordpress.org,Male,215.185.56.226
991,Dorris,Bankes,dbankesri@bravesites.com,Female,202.96.78.12
992,Jobina,De la Eglise,jdelaegliserj@meetup.com,Female,227.250.195.165
993,Piper,Segrave,psegraverk@aboutads.info,Female,8.92.171.112
994,Teddy,Sworn,tswornrl@ehow.com,Female,90.97.251.174
995,Bibby,Goadbie,bgoadbierm@rambler.ru,Female,111.253.85.29
996,Lorain,Claringbold,lclaringboldrn@yale.edu,Female,142.56.97.20
997,Margot,Challener,mchallenerro@ask.com,Female,19.23.108.44
998,Gisella,Dignon,gdignonrp@exblog.jp,Female,192.89.230.216
999,Vick,Epp,vepprq@economist.com,Male,246.197.221.164
1000,Berta,Auchterlony,bauchterlonyrr@myspace.com,Genderqueer,193.148.250.54
